Classe,Sepala_Comprimento,Sepala_Largura,Petala_Comprimento,Petala_Largura
setosa,-1.0223954304000957,0.8681800224164689,-1.3056578879836158,-1.2626525171244019
versicolor,0.13993680471957023,-0.6309134324392957,0.29226513185502806,0.1923451008887296
virginica,0.8824586256805358,-0.23726658997717043,1.0133927561285871,1.0703074162356727
