Classe,Sepala_Comprimento,Sepala_Largura,Petala_Comprimento,Petala_Largura
setosa,0.17607973421926904,0.5998062015503876,0.08159243200630663,0.06492248062015503
versicolor,0.4465116279069766,0.33042635658914726,0.5549862041781632,0.5193798449612401
virginica,0.6192691029900331,0.40116279069767435,0.7686243594797003,0.7936046511627907
