Classe,Sepala_Comprimento,Sepala_Largura,Petala_Comprimento,Petala_Largura
setosa,0.16746799243210803,0.606849822268527,0.11787261669993487,0.04894980303797031
versicolor,0.42723191401032207,0.3726473141829777,0.5669857155932428,0.5558689079654421
virginica,0.7026169143875431,0.3239329863550351,0.8189386822365357,0.8097280683915975
